[{"assetType":"Team","assetObject":{"name":"Administrators","id":"Administrators","status":"Success","explanation":"OK","warning":false}},{"assetType":"Team","assetObject":{"name":"EAMS_APP_TEAM","id":"37b2bf5e-c044-482c-a620-fec005945792","status":"Success","explanation":"OK","warning":false}},{"assetType":"Alias","assetObject":{"name":"EAMS-P2-API4COTWO-endpoint","id":"b718fef0-b7e7-471c-8ca5-68bbc3f84bea","status":"Success","explanation":"OK","warning":false}},{"assetType":"API","assetObject":{"name":"EAMS-P2-API4COTWO[1]","id":"e4dadd6c-266d-4d53-8bdf-7bca0d7090c6","status":"Success","explanation":"OK","warning":false}},{"assetType":"Policy","assetObject":{"name":"Policy For API EAMS-P2-API4COTWO[1]","id":"6a109d57-5763-4d31-91f1-6f1a1c97bd20","status":"Success","explanation":"OK","warning":false}},{"assetType":"PolicyAction","assetObject":{"name":"Policy Action [Enable HTTP / HTTPS] -> Policy For API EAMS-P2-API4COTWO[1]","id":"92ae5b88-9c1a-45c4-b2d1-ffb594a5a07e","status":"Success","explanation":"OK","warning":false}},{"assetType":"PolicyAction","assetObject":{"name":"Policy Action [Identify & Authorize] -> Policy For API EAMS-P2-API4COTWO[1]","id":"7afda823-3526-4cac-b03f-d0bc50054adc","status":"Success","explanation":"OK","warning":false}},{"assetType":"AccessControlList","assetObject":{"name":"AccessControlList for asset : EAMS-P2-API4COTWO","id":"e4085e3a-bde1-497c-908e-044a21943424","status":"Success","explanation":"OK","warning":false}},{"assetType":"PolicyAction","assetObject":{"name":"Policy Action [Straight Through Routing] -> Policy For API EAMS-P2-API4COTWO[1]","id":"5b9cb5e0-07a6-4955-b5c3-07d9a72f365b","status":"Success","explanation":"OK","warning":false}}]