[{"assetType":"API","assetObject":{"name":"EAMS-P2-API4COTWO[1]","id":"e4dadd6c-266d-4d53-8bdf-7bca0d7090c6","status":"Success","explanation":"OK","warning":false}},{"assetType":"Policy","assetObject":{"name":"e951ad2c-e736-4565-a6a5-c6cb88b52720","id":"e951ad2c-e736-4565-a6a5-c6cb88b52720","status":"Success","explanation":"OK","warning":false}},{"assetType":"Package","assetObject":{"name":"EAMS-P2-API4COTWO [1.0] ","id":"d5f7c70f-7ec6-4139-9bc3-7acd649a8e65","status":"Success","explanation":"OK","warning":false}},{"assetType":"PolicyAction","assetObject":{"name":"Policy Action [Enable HTTP / HTTPS] -> Policy For API EAMS-P2-API4COTWO[1]","id":"92ae5b88-9c1a-45c4-b2d1-ffb594a5a07e","status":"Success","explanation":"OK","warning":false}},{"assetType":"Policy","assetObject":{"name":"ebe39524-0fe8-4728-bd06-a3c794e29f40","id":"ebe39524-0fe8-4728-bd06-a3c794e29f40","status":"Success","explanation":"OK","warning":false}},{"assetType":"Team","assetObject":{"name":"API-Gateway-Providers","id":"API-Gateway-Providers","status":"Success","explanation":"OK","warning":false}},{"assetType":"Policy","assetObject":{"name":"EAMS-P2-API4COTWO","id":"8220aef1-fce3-4259-b108-8067288ceb0f","status":"Success","explanation":"OK","warning":false}},{"assetType":"PolicyAction","assetObject":{"name":"Policy Action [Identify & Authorize] -> EAMS-P2-API4COTWO","id":"928862d2-f443-4d1d-83f1-0a36da56f30b","status":"Success","explanation":"OK","warning":false}},{"assetType":"AccessControlList","assetObject":{"name":"AccessControlList for asset : b0ade2c1-dfd2-4f89-b204-d788ccbe9bc9","id":"0df2aad7-bbf7-4d04-9a2f-840635954aa5","status":"Success","explanation":"OK","warning":false}},{"assetType":"Plan","assetObject":{"name":"Default","id":"b0ade2c1-dfd2-4f89-b204-d788ccbe9bc9","status":"Success","explanation":"OK","warning":false}},{"assetType":"Team","assetObject":{"name":"Administrators","id":"Administrators","status":"Success","explanation":"OK","warning":false}},{"assetType":"Alias","assetObject":{"name":"EAMS-P2-API4COTWO-endpoint","id":"b718fef0-b7e7-471c-8ca5-68bbc3f84bea","status":"Success","explanation":"OK","warning":false}},{"assetType":"AccessControlList","assetObject":{"name":"AccessControlList for asset : EAMS-P2-API4COTWO","id":"e4085e3a-bde1-497c-908e-044a21943424","status":"Success","explanation":"OK","warning":false}},{"assetType":"AccessControlList","assetObject":{"name":"AccessControlList for asset : d5f7c70f-7ec6-4139-9bc3-7acd649a8e65","id":"fecbcd54-e599-43b4-971c-0f457f29b02e","status":"Success","explanation":"OK","warning":false}},{"assetType":"PolicyAction","assetObject":{"name":"Policy Action [Traffic Optimization] -> EAMS-P2-API4COTWO","id":"1fea5acf-017f-4d6d-aa0a-48726f3e7096","status":"Success","explanation":"OK","warning":false}},{"assetType":"Team","assetObject":{"name":"EAMS_APP_TEAM","id":"37b2bf5e-c044-482c-a620-fec005945792","status":"Success","explanation":"OK","warning":false}},{"assetType":"PolicyAction","assetObject":{"name":"Policy Action [Identify & Authorize] -> Policy For API EAMS-P2-API4COTWO[1]","id":"7afda823-3526-4cac-b03f-d0bc50054adc","status":"Success","explanation":"OK","warning":false}},{"assetType":"PolicyAction","assetObject":{"name":"Policy Action [Straight Through Routing] -> Policy For API EAMS-P2-API4COTWO[1]","id":"5b9cb5e0-07a6-4955-b5c3-07d9a72f365b","status":"Success","explanation":"OK","warning":false}},{"assetType":"Policy","assetObject":{"name":"Policy For API EAMS-P2-API4COTWO[1]","id":"6a109d57-5763-4d31-91f1-6f1a1c97bd20","status":"Success","explanation":"OK","warning":false}},{"assetType":"Team","assetObject":{"name":"Default","id":"Default","status":"Success","explanation":"OK","warning":false}}]