[{"assetType":"API","assetObject":{"name":"EAMS-P2-API4SMX[1]","id":"13007666-2bbe-4ba8-ab8e-236db47c5a98","status":"Success","explanation":"OK","warning":false}},{"assetType":"Team","assetObject":{"name":"Administrators","id":"Administrators","status":"Success","explanation":"OK","warning":false}},{"assetType":"Team","assetObject":{"name":"EAMS_APP_TEAM","id":"37b2bf5e-c044-482c-a620-fec005945792","status":"Success","explanation":"OK","warning":false}},{"assetType":"Policy","assetObject":{"name":"Policy For API EAMS-P2-API4SMX[1]","id":"e0446a10-a195-4194-9e6d-81234cbd48b5","status":"Success","explanation":"OK","warning":false}},{"assetType":"AccessControlList","assetObject":{"name":"AccessControlList for asset : EAMS-P2-API4SMX","id":"e1df451b-1e89-4844-85a3-126b7bb1270e","status":"Success","explanation":"OK","warning":false}},{"assetType":"PolicyAction","assetObject":{"name":"Policy Action [Enable HTTP / HTTPS] -> Policy For API EAMS-P2-API4SMX[1]","id":"d1341764-b8de-4066-8898-b84cf1a13b2f","status":"Success","explanation":"OK","warning":false}},{"assetType":"Alias","assetObject":{"name":"EAMS-P2-API4SMX-endpoint","id":"efb8d01d-f20a-4935-8cb9-5566627c0d3c","status":"Success","explanation":"OK","warning":false}},{"assetType":"PolicyAction","assetObject":{"name":"Policy Action [Straight Through Routing] -> Policy For API EAMS-P2-API4SMX[1]","id":"fdcfa66a-e6b4-4e94-aba8-9f67072e4e46","status":"Success","explanation":"OK","warning":false}}]