[{"assetType":"Alias","assetObject":{"name":"EAMS-P2-API4SMX-endpoint","id":"efb8d01d-f20a-4935-8cb9-5566627c0d3c","status":"Success","explanation":"OK","warning":false}},{"assetType":"API","assetObject":{"name":"EAMS-P2-API4SMX[1]","id":"13007666-2bbe-4ba8-ab8e-236db47c5a98","status":"Success","explanation":"OK","warning":false}},{"assetType":"Team","assetObject":{"name":"Administrators","id":"Administrators","status":"Success","explanation":"OK","warning":false}},{"assetType":"Team","assetObject":{"name":"API-Gateway-Providers","id":"API-Gateway-Providers","status":"Success","explanation":"OK","warning":false}},{"assetType":"Package","assetObject":{"name":"EAMS-P2-API4SMX [1.0] ","id":"dc2eb923-a3c1-4288-8876-fb06cbed3966","status":"Success","explanation":"OK","warning":false}},{"assetType":"PolicyAction","assetObject":{"name":"Policy Action [Enable HTTP / HTTPS] -> Policy For API EAMS-P2-API4SMX[1]","id":"d1341764-b8de-4066-8898-b84cf1a13b2f","status":"Success","explanation":"OK","warning":false}},{"assetType":"Policy","assetObject":{"name":"ebe39524-0fe8-4728-bd06-a3c794e29f40","id":"ebe39524-0fe8-4728-bd06-a3c794e29f40","status":"Success","explanation":"OK","warning":false}},{"assetType":"Policy","assetObject":{"name":"EAMS-P2-API4SMX","id":"377cd687-e28d-4ced-b539-68bc2af5d91d","status":"Success","explanation":"OK","warning":false}},{"assetType":"Policy","assetObject":{"name":"Policy For API EAMS-P2-API4SMX[1]","id":"e0446a10-a195-4194-9e6d-81234cbd48b5","status":"Success","explanation":"OK","warning":false}},{"assetType":"Policy","assetObject":{"name":"e951ad2c-e736-4565-a6a5-c6cb88b52720","id":"e951ad2c-e736-4565-a6a5-c6cb88b52720","status":"Success","explanation":"OK","warning":false}},{"assetType":"Team","assetObject":{"name":"EAMS_APP_TEAM","id":"37b2bf5e-c044-482c-a620-fec005945792","status":"Success","explanation":"OK","warning":false}},{"assetType":"PolicyAction","assetObject":{"name":"Policy Action [Identify & Authorize] -> EAMS-P2-API4SMX","id":"4a4cdfa2-9f29-4eed-a14c-da611acecd44","status":"Success","explanation":"OK","warning":false}},{"assetType":"AccessControlList","assetObject":{"name":"AccessControlList for asset : b0ade2c1-dfd2-4f89-b204-d788ccbe9bc9","id":"0df2aad7-bbf7-4d04-9a2f-840635954aa5","status":"Success","explanation":"OK","warning":false}},{"assetType":"Team","assetObject":{"name":"Default","id":"Default","status":"Success","explanation":"OK","warning":false}},{"assetType":"AccessControlList","assetObject":{"name":"AccessControlList for asset : dc2eb923-a3c1-4288-8876-fb06cbed3966","id":"4218b046-8f92-466e-ab73-c8cf037378ab","status":"Success","explanation":"OK","warning":false}},{"assetType":"PolicyAction","assetObject":{"name":"Policy Action [Straight Through Routing] -> Policy For API EAMS-P2-API4SMX[1]","id":"fdcfa66a-e6b4-4e94-aba8-9f67072e4e46","status":"Success","explanation":"OK","warning":false}},{"assetType":"PolicyAction","assetObject":{"name":"Policy Action [Traffic Optimization] -> EAMS-P2-API4SMX","id":"6cb24855-8e46-4afb-bddf-ee4f5dd217fe","status":"Success","explanation":"OK","warning":false}},{"assetType":"AccessControlList","assetObject":{"name":"AccessControlList for asset : EAMS-P2-API4SMX","id":"e1df451b-1e89-4844-85a3-126b7bb1270e","status":"Success","explanation":"OK","warning":false}},{"assetType":"Plan","assetObject":{"name":"Default","id":"b0ade2c1-dfd2-4f89-b204-d788ccbe9bc9","status":"Success","explanation":"OK","warning":false}}]