<?xml version="1.0" encoding="UTF-8"?>
<serviceGroup>
	<service name="WorkOrderServicePort" scope="Application">
	<schema schemaNamespace="http://ws.mmis.mtr.com.hk/"/>
	    <description>
	        This service is to get the running Axis version
	    </description>
	    <parameter name="ServiceClass">hk.com.mtr.mmis.ws.WorkOrderService</parameter>
	    <messageReceivers>
	            <messageReceiver mep="http://www.w3.org/2004/08/wsdl/in-out"
	                class="org.apache.axis2.rpc.receivers.RPCMessageReceiver" />
	            <messageReceiver mep="http://www.w3.org/2004/08/wsdl/in-only"
	                class="org.apache.axis2.rpc.receivers.RPCInOnlyMessageReceiver" />
	    </messageReceivers>
	</service>
	<service name="WorkOrderCreate" scope="Application">
	<schema schemaNamespace="http://ois.ws.mmis.mtr.com.hk/"/>
	    <description>
	        This service is to get the running Axis version
	    </description>
	    <parameter name="ServiceClass">hk.com.mtr.mmis.ws.ois.WorkOrderCreatedImpl</parameter>
	    <messageReceivers>
	            <messageReceiver mep="http://www.w3.org/2004/08/wsdl/in-out"
	                class="org.apache.axis2.rpc.receivers.RPCMessageReceiver" />
	            <messageReceiver mep="http://www.w3.org/2004/08/wsdl/in-only"
	                class="org.apache.axis2.rpc.receivers.RPCInOnlyMessageReceiver" />
	    </messageReceivers>
	</service>
	<service name="CreepODMSIncidentServiceInterfacePort" scope="Application">
	<schema schemaNamespace="http://incident.ws.mmis.mtr.com.hk/"/>
	    <description>
	        This service is to get the running Axis version
	    </description>
	    <parameter name="ServiceClass">hk.com.mtr.mmis.ws.incident.CreepODMSIncidentServiceInterfaceImpl</parameter>
	    <messageReceivers>
	            <messageReceiver mep="http://www.w3.org/2004/08/wsdl/in-out"
	                class="org.apache.axis2.rpc.receivers.RPCMessageReceiver" />
	            <messageReceiver mep="http://www.w3.org/2004/08/wsdl/in-only"
	                class="org.apache.axis2.rpc.receivers.RPCInOnlyMessageReceiver" />
	    </messageReceivers>
	</service>
</serviceGroup>